Link Name,Center of Mass X,Center of Mass Y,Center of Mass Z,Center of Mass Roll,Center of Mass Pitch,Center of Mass Yaw,Mass,Moment Ixx,Moment Ixy,Moment Ixz,Moment Iyy,Moment Iyz,Moment Izz,Visual X,Visual Y,Visual Z,Visual Roll,Visual Pitch,Visual Yaw,Mesh Filename,Color Red,Color Green,Color Blue,Color Alpha,Collision X,Collision Y,Collision Z,Collision Roll,Collision Pitch,Collision Yaw,Collision Mesh Filename,Material Name,SW Components,Coordinate System,Axis Name,Joint Name,Joint Type,Joint Origin X,Joint Origin Y,Joint Origin Z,Joint Origin Roll,Joint Origin Pitch,Joint Origin Yaw,Parent,Joint Axis X,Joint Axis Y,Joint Axis Z,Limit Effort,Limit Velocity,Limit Lower,Limit Upper,Calibration rising,Calibration falling,Dynamics Damping,Dynamics Friction,Safety Soft Upper,Safety Soft Lower,Safety K Position,Safety K Velocity
envolope and servo,-4.98625107936338E-17,-0.00334455214454967,2.45055517473535E-15,0,0,0,79.2171371222546,50.5749074346058,-1.21161937829881E-16,-1.9024552512201E-07,50.5747247542609,-9.62381275361453E-17,50.5749766870576,0,0,0,0,0,0,package://Full assembly/meshes/envolope and servo.STL,0.752941176470588,0.752941176470588,1,1,0,0,0,0,0,0,package://Full assembly/meshes/envolope and servo.STL,,Sphere-2;attachment 2-pt2-2;attachment 2-pt2-4;attachment 2-pt2-3;attachment 2-pt2-5;servo shaft-2/Corona-CS238MG servo-1;Gondolaaa-1;servo shaft-5/Corona-CS238MG servo-1;servo shaft-9/Corona-CS238MG servo-1;servo shaft-4/Corona-CS238MG servo-1,Origin_global,,,,0,0,0,0,0,0,,0,0,0,,,,,,,,,,,,0
servo shaft1,-0.00339843817175262,0.00320182467213076,0.104137137142122,0,0,0,0.0248141377962546,1.03466986225223E-05,-4.36728447781293E-07,9.25524469091682E-10,1.0293550552605E-05,-1.5550104771876E-09,1.39881235083145E-06,0,0,0,0,0,0,package://Full assembly/meshes/servo shaft1.STL,0.952941176470588,0.796078431372549,0.486274509803922,1,0,0,0,0,0,0,package://Full assembly/meshes/servo shaft1.STL,,servo shaft-9/C1 Spline Servo to 8mm Shaft Coupler (Set Screw) v3-1/C1 Spline Servo to 8mm Shaft Coupler (Set Screw) v3.step-1/Component1.step-1;servo shaft-9/8mm rod-1;servo shaft-9/temp motor mount-1;servo shaft-9/prop and motor-1/Turnigy 2508A v5-3,,,s1,fixed,0.70194,0.74287,-0.042646,1.5708,0.84356,1.6303,envolope and servo,0,0,0,,,,,,,,,,,,0
prop1,0.00499971665953947,0.00494707812297336,0.00380074750268844,0,0,0,0.00556461082342916,1.91160566303448E-05,-2.91464019819017E-11,3.4283584954658E-06,1.98572697608765E-05,8.87302454617761E-11,7.79857083998251E-07,0,0,0,0,0,0,package://Full assembly/meshes/prop1.STL,0.294117647058824,0.294117647058824,0.294117647058824,1,0,0,0,0,0,0,package://Full assembly/meshes/prop1.STL,,servo shaft-9/prop and motor-1/9x4.7 propeller-1,Origin_p1,Axis_p1,p1,fixed,-0.0161183123543047,0.0191933090512683,0.11740301933377,0,-1.40895378580974,0.816295031330149,servo shaft1,0,0,0,,,,,,,,,,,,0
servo shaft 2,-0.00339843817108265,0.00320182467149077,0.104137137139339,0,0,0,0.02481413779259,1.03466986222864E-05,-4.36728447684137E-07,9.25524470411141E-10,1.0293550552376E-05,-1.55501047811636E-09,1.3988123506985E-06,0,0,0,0,0,0,package://Full assembly/meshes/servo shaft 2.STL,0.952941176470588,0.796078431372549,0.486274509803922,1,0,0,0,0,0,0,package://Full assembly/meshes/servo shaft 2.STL,,servo shaft-5/C1 Spline Servo to 8mm Shaft Coupler (Set Screw) v3-1/C1 Spline Servo to 8mm Shaft Coupler (Set Screw) v3.step-1/Component1.step-1;servo shaft-5/8mm rod-1;servo shaft-5/temp motor mount-1;servo shaft-5/prop and motor-1/Turnigy 2508A v5-3,,,s2,fixed,-0.70125,0.75419,-0.049061,1.5708,0.71266,-1.6303,envolope and servo,0,0,0,,,,,,,,,,,,0
prop2,0.00500008330014345,0.00494559617920444,0.00379960702872406,0,0,0,0.00556705784731868,1.91225914230723E-05,6.74879731232408E-11,3.43047414605573E-06,1.98645008662083E-05,-1.79513505392266E-10,7.80589897055146E-07,0,0,0,0,0,0,package://Full assembly/meshes/prop2.STL,0.294117647058824,0.294117647058824,0.294117647058824,1,0,0,0,0,0,0,package://Full assembly/meshes/prop2.STL,,servo shaft-5/prop and motor-1/9x4.7 propeller-1,Origin_p2,Axis_p2,p2,fixed,-0.0161183123543059,0.0191933090512685,0.117403019333769,0,-1.40895378580975,0.816295031330232,servo shaft 2,0,0,0,,,,,,,,,,,,0
servo shaft 3,-0.00339843817175262,0.00320182467213059,0.104137137142122,0,0,0,0.0248141377962546,1.03466986225223E-05,-4.36728447781294E-07,9.25524469092377E-10,1.0293550552605E-05,-1.55501047718007E-09,1.39881235083146E-06,0,0,0,0,0,0,package://Full assembly/meshes/servo shaft 3.STL,0.952941176470588,0.796078431372549,0.486274509803922,1,0,0,0,0,0,0,package://Full assembly/meshes/servo shaft 3.STL,,servo shaft-2/C1 Spline Servo to 8mm Shaft Coupler (Set Screw) v3-1/C1 Spline Servo to 8mm Shaft Coupler (Set Screw) v3.step-1/Component1.step-1;servo shaft-2/8mm rod-1;servo shaft-2/temp motor mount-1;servo shaft-2/prop and motor-1/Turnigy 2508A v5-3,,,s3,fixed,-0.70194,-0.74287,-0.042646,1.5708,0.84356,-1.5113,envolope and servo,0,0,0,,,,,,,,,,,,0
prop3,0.00499968662994177,0.00494707812826445,0.00380076853505695,0,0,0,0.00556461080861539,1.91160565979433E-05,-2.94535383051299E-11,3.42835849245588E-06,1.98572697280157E-05,8.89544932348047E-11,7.79857083461237E-07,0,0,0,0,0,0,package://Full assembly/meshes/prop3.STL,0.294117647058824,0.294117647058824,0.294117647058824,1,0,0,0,0,0,0,package://Full assembly/meshes/prop3.STL,,servo shaft-2/prop and motor-1/9x4.7 propeller-1,Origin_p3,Axis_p3,p3,fixed,-0.0161183123543047,0.0191933090512681,0.11740301933377,0,-1.40895378580974,0.816295031330149,servo shaft 3,0,0,0,,,,,,,,,,,,0
servo shaft 4,0.00448459785546937,0.0977871371393391,-0.00129978663801245,0,0,0,0.02481413779259,1.06895640517286E-05,-1.80958720402788E-09,-2.34419279275706E-07,1.39881235069851E-06,6.87628795945306E-12,9.95068512293378E-06,0,0,0,0,0,0,package://Full assembly/meshes/servo shaft 4.STL,0.792156862745098,0.819607843137255,0.933333333333333,1,0,0,0,0,0,0,package://Full assembly/meshes/servo shaft 4.STL,,servo shaft-4/8mm rod-1;servo shaft-4/C1 Spline Servo to 8mm Shaft Coupler (Set Screw) v3-1/C1 Spline Servo to 8mm Shaft Coupler (Set Screw) v3.step-1/Component1.step-1;servo shaft-4/temp motor mount-1;servo shaft-4/prop and motor-1/Turnigy 2508A v5-3,,,s4,fixed,0.70759,-0.75456,-0.049061,3.1416,-1.3912,1.5113,envolope and servo,0,0,0,,,,,,,,,,,,0
prop4,0.00500008329716839,0.0049455961791937,0.00379960705437155,0,0,0,0.00556705785581186,1.91225914682916E-05,6.74879764546479E-11,3.43047415042453E-06,1.98645009117944E-05,-1.79513582528208E-10,7.80589897403115E-07,0,0,0,0,0,0,package://Full assembly/meshes/prop4.STL,0.294117647058824,0.294117647058824,0.294117647058824,1,0,0,0,0,0,0,package://Full assembly/meshes/prop4.STL,,servo shaft-4/prop and motor-1/9x4.7 propeller-1,Origin_p4,Axis_p4,p4,fixed,0.024721274941389,0.111053019333769,-0.00412815585470172,-2.85482281106673,-0.155341308960599,1.52520206743978,servo shaft 4,0,0,0,,,,,,,,,,,,0
